[
    {
        "set_num": "71028-18",
        "name": "Wizarding World of Harry Potter Series 2 - Sealed Box",
        "year": "2020",
        "theme_id": "691",
        "num_parts": "0",
        "img_url": "https://cdn.rebrickable.com/media/sets/71028-18.jpg"
    },
    {
        "set_num": "71028-2",
        "name": "Albus Dumbledore",
        "year": "2020",
        "theme_id": "691",
        "num_parts": "8",
        "img_url": "https://cdn.rebrickable.com/media/sets/71028-2.jpg"
    },
    {
        "set_num": "71028-3",
        "name": "Hermione Granger",
        "year": "2020",
        "theme_id": "691",
        "num_parts": "7",
        "img_url": "https://cdn.rebrickable.com/media/sets/71028-3.jpg"
    },
    {
        "set_num": "71028-4",
        "name": "Ron Weasley",
        "year": "2020",
        "theme_id": "691",
        "num_parts": "7",
        "img_url": "https://cdn.rebrickable.com/media/sets/71028-4.jpg"
    },
    {
        "set_num": "71028-5",
        "name": "Luna Lovegood",
        "year": "2020",
        "theme_id": "691",
        "num_parts": "7",
        "img_url": "https://cdn.rebrickable.com/media/sets/71028-5.jpg"
    },
    {
        "set_num": "71028-6",
        "name": "Griphook",
        "year": "2020",
        "theme_id": "691",
        "num_parts": "7",
        "img_url": "https://cdn.rebrickable.com/media/sets/71028-6.jpg"
    },
    {
        "set_num": "71028-7",
        "name": "Lily Potter",
        "year": "2020",
        "theme_id": "691",
        "num_parts": "7",
        "img_url": "https://cdn.rebrickable.com/media/sets/71028-7.jpg"
    },
    {
        "set_num": "71028-8",
        "name": "James Potter",
        "year": "2020",
        "theme_id": "691",
        "num_parts": "8",
        "img_url": "https://cdn.rebrickable.com/media/sets/71028-8.jpg"
    },
    {
        "set_num": "71028-9",
        "name": "Ginny Weasley",
        "year": "2020",
        "theme_id": "691",
        "num_parts": "8",
        "img_url": "https://cdn.rebrickable.com/media/sets/71028-9.jpg"
    },
    {
        "set_num": "71029-0",
        "name": "Series 21 - Random Bag",
        "year": "2021",
        "theme_id": "712",
        "num_parts": "0",
        "img_url": "https://cdn.rebrickable.com/media/sets/71029-0.jpg"
    },
    {
        "set_num": "71029-1",
        "name": "Paddle Surfer",
        "year": "2021",
        "theme_id": "712",
        "num_parts": "9",
        "img_url": "https://cdn.rebrickable.com/media/sets/71029-1.jpg"
    },
    {
        "set_num": "71029-10",
        "name": "Space Police Guy",
        "year": "2021",
        "theme_id": "712",
        "num_parts": "12",
        "img_url": "https://cdn.rebrickable.com/media/sets/71029-10.jpg"
    },
    {
        "set_num": "71029-11",
        "name": "Alien",
        "year": "2021",
        "theme_id": "712",
        "num_parts": "6",
        "img_url": "https://cdn.rebrickable.com/media/sets/71029-11.jpg"
    },
    {
        "set_num": "71029-12",
        "name": "Cabaret Singer",
        "year": "2021",
        "theme_id": "712",
        "num_parts": "10",
        "img_url": "https://cdn.rebrickable.com/media/sets/71029-12.jpg"
    },
    {
        "set_num": "71029-13",
        "name": "Series 21 - Complete - All Sets",
        "year": "2021",
        "theme_id": "712",
        "num_parts": "0",
        "img_url": "https://cdn.rebrickable.com/media/sets/71029-13.jpg"
    },
    {
        "set_num": "71029-2",
        "name": "Violin Kid",
        "year": "2021",
        "theme_id": "712",
        "num_parts": "7",
        "img_url": "https://cdn.rebrickable.com/media/sets/71029-2.jpg"
    },
    {
        "set_num": "71029-3",
        "name": "Shipwreck Survivor",
        "year": "2021",
        "theme_id": "712",
        "num_parts": "9",
        "img_url": "https://cdn.rebrickable.com/media/sets/71029-3.jpg"
    },
    {
        "set_num": "71029-4",
        "name": "Ladybug Girl / Ladybird Girl",
        "year": "2021",
        "theme_id": "712",
        "num_parts": "8",
        "img_url": "https://cdn.rebrickable.com/media/sets/71029-4.jpg"
    },
    {
        "set_num": "71029-5",
        "name": "Pug Costume Guy",
        "year": "2021",
        "theme_id": "712",
        "num_parts": "6",
        "img_url": "https://cdn.rebrickable.com/media/sets/71029-5.jpg"
    },
    {
        "set_num": "71029-6",
        "name": "Centaur Warrior",
        "year": "2021",
        "theme_id": "712",
        "num_parts": "8",
        "img_url": "https://cdn.rebrickable.com/media/sets/71029-6.jpg"
    },
    {
        "set_num": "71029-7",
        "name": "Beekeeper",
        "year": "2021",
        "theme_id": "712",
        "num_parts": "8",
        "img_url": "https://cdn.rebrickable.com/media/sets/71029-7.jpg"
    },
    {
        "set_num": "71029-8",
        "name": "Ancient Warrior",
        "year": "2021",
        "theme_id": "712",
        "num_parts": "7",
        "img_url": "https://cdn.rebrickable.com/media/sets/71029-8.jpg"
    },
    {
        "set_num": "71029-9",
        "name": "Airplane Girl",
        "year": "2021",
        "theme_id": "712",
        "num_parts": "9",
        "img_url": "https://cdn.rebrickable.com/media/sets/71029-9.jpg"
    },
    {
        "set_num": "710-3",
        "name": "Universal Building Set",
        "year": "1983",
        "theme_id": "469",
        "num_parts": "357",
        "img_url": "https://cdn.rebrickable.com/media/sets/710-3.jpg"
    },
    {
        "set_num": "71030-0",
        "name": "Looney Tunes - Random Bag",
        "year": "2021",
        "theme_id": "714",
        "num_parts": "0",
        "img_url": "https://cdn.rebrickable.com/media/sets/71030-0.jpg"
    },
    {
        "set_num": "71030-1",
        "name": "Lola Bunny",
        "year": "2021",
        "theme_id": "714",
        "num_parts": "5",
        "img_url": "https://cdn.rebrickable.com/media/sets/71030-1.jpg"
    },
    {
        "set_num": "71030-10",
        "name": "Marvin the Martian",
        "year": "2021",
        "theme_id": "714",
        "num_parts": "7",
        "img_url": "https://cdn.rebrickable.com/media/sets/71030-10.jpg"
    },
    {
        "set_num": "71030-11",
        "name": "Petunia Pig",
        "year": "2021",
        "theme_id": "714",
        "num_parts": "7",
        "img_url": "https://cdn.rebrickable.com/media/sets/71030-11.jpg"
    },
    {
        "set_num": "71030-12",
        "name": "Porky Pig",
        "year": "2021",
        "theme_id": "714",
        "num_parts": "8",
        "img_url": "https://cdn.rebrickable.com/media/sets/71030-12.jpg"
    },
    {
        "set_num": "71030-13",
        "name": "Looney Tunes - Complete - All Sets",
        "year": "2021",
        "theme_id": "714",
        "num_parts": "0",
        "img_url": "https://cdn.rebrickable.com/media/sets/71030-13.jpg"
    },
    {
        "set_num": "71030-14",
        "name": "Looney Tunes - Sealed Box",
        "year": "2021",
        "theme_id": "714",
        "num_parts": "0",
        "img_url": "https://cdn.rebrickable.com/media/sets/71030-14.jpg"
    },
    {
        "set_num": "71030-2",
        "name": "Bugs Bunny",
        "year": "2021",
        "theme_id": "714",
        "num_parts": "6",
        "img_url": "https://cdn.rebrickable.com/media/sets/71030-2.jpg"
    },
    {
        "set_num": "71030-3",
        "name": "Wile E Coyote",
        "year": "2021",
        "theme_id": "714",
        "num_parts": "9",
        "img_url": "https://cdn.rebrickable.com/media/sets/71030-3.jpg"
    },
    {
        "set_num": "71030-4",
        "name": "Road Runner",
        "year": "2021",
        "theme_id": "714",
        "num_parts": "9",
        "img_url": "https://cdn.rebrickable.com/media/sets/71030-4.jpg"
    },
    {
        "set_num": "71030-5",
        "name": "Tweety",
        "year": "2021",
        "theme_id": "714",
        "num_parts": "10",
        "img_url": "https://cdn.rebrickable.com/media/sets/71030-5.jpg"
    },
    {
        "set_num": "71030-6",
        "name": "Sylvester",
        "year": "2021",
        "theme_id": "714",
        "num_parts": "6",
        "img_url": "https://cdn.rebrickable.com/media/sets/71030-6.jpg"
    },
    {
        "set_num": "71030-7",
        "name": "Daffy Duck",
        "year": "2021",
        "theme_id": "714",
        "num_parts": "7",
        "img_url": "https://cdn.rebrickable.com/media/sets/71030-7.jpg"
    },
    {
        "set_num": "71030-8",
        "name": "Speedy Gonzales",
        "year": "2021",
        "theme_id": "714",
        "num_parts": "8",
        "img_url": "https://cdn.rebrickable.com/media/sets/71030-8.jpg"
    },
    {
        "set_num": "71030-9",
        "name": "Taz the Tasmanian Devil",
        "year": "2021",
        "theme_id": "714",
        "num_parts": "9",
        "img_url": "https://cdn.rebrickable.com/media/sets/71030-9.jpg"
    },
    {
        "set_num": "7103-1",
        "name": "Jedi Duel",
        "year": "2002",
        "theme_id": "158",
        "num_parts": "82",
        "img_url": "https://cdn.rebrickable.com/media/sets/7103-1.jpg"
    },
    {
        "set_num": "71031-0",
        "name": "Marvel Studios - Random Bag",
        "year": "2021",
        "theme_id": "715",
        "num_parts": "0",
        "img_url": "https://cdn.rebrickable.com/media/sets/71031-0.jpg"
    },
    {
        "set_num": "71031-1",
        "name": "The Scarlet Witch",
        "year": "2021",
        "theme_id": "715",
        "num_parts": "10",
        "img_url": "https://cdn.rebrickable.com/media/sets/71031-1.jpg"
    },
    {
        "set_num": "71031-10",
        "name": "Captain Carter",
        "year": "2021",
        "theme_id": "715",
        "num_parts": "10",
        "img_url": "https://cdn.rebrickable.com/media/sets/71031-10.jpg"
    },
    {
        "set_num": "71031-11",
        "name": "T'Challa Star-Lord",
        "year": "2021",
        "theme_id": "715",
        "num_parts": "10",
        "img_url": "https://cdn.rebrickable.com/media/sets/71031-11.jpg"
    },
    {
        "set_num": "71031-12",
        "name": "Gamora with Blade of Thanos",
        "year": "2021",
        "theme_id": "715",
        "num_parts": "10",
        "img_url": "https://cdn.rebrickable.com/media/sets/71031-12.jpg"
    },
    {
        "set_num": "71031-13",
        "name": "Marvel - Complete - All Sets",
        "year": "2021",
        "theme_id": "715",
        "num_parts": "0",
        "img_url": "https://cdn.rebrickable.com/media/sets/71031-13.jpg"
    }
]